Time,Prediction
2026-08-11 12:18:07,BruteForce
2026-08-11 12:18:07,BENIGN
2026-08-11 12:18:07,BENIGN
2026-08-11 12:18:07,DoS
2026-08-11 12:18:07,DDoS
2026-08-11 12:18:07,DDoS
2026-08-11 12:18:07,BENIGN
2026-08-11 12:18:07,PortScan
2026-08-11 12:18:07,PortScan
2026-08-11 12:18:07,BENIGN
2026-08-11 12:18:07,BENIGN
2026-08-11 12:18:07,PortScan
2026-08-11 12:18:07,PortScan
2026-08-11 12:18:07,BENIGN
2026-08-11 12:18:07,PortScan
2026-08-11 12:18:07,PortScan
2026-08-11 12:18:07,BENIGN
2026-08-11 12:18:07,DoS
2026-08-11 12:18:07,Botnet
2026-08-11 12:18:07,BENIGN
2026-08-11 12:18:07,DDoS
2026-08-11 12:18:07,BENIGN
2026-08-11 12:18:07,DoS
2026-08-11 12:18:07,BruteForce
2026-08-11 12:18:07,BENIGN
2026-08-11 12:18:07,BENIGN
2026-08-11 12:18:07,Botnet
2026-08-11 12:18:07,BENIGN
2026-08-11 12:18:07,DDoS
2026-08-11 12:18:07,DoS
2026-08-11 12:18:07,BENIGN
2026-08-11 12:18:07,BENIGN
2026-08-11 12:18:07,BENIGN
2026-08-11 12:18:07,BENIGN
2026-08-11 12:18:07,DoS
2026-08-11 12:18:07,BruteForce
2026-08-11 12:18:07,DoS
2026-08-11 12:18:07,DoS
2026-08-11 12:18:07,Infiltration
2026-08-11 12:18:07,BENIGN
2026-08-11 12:18:07,BENIGN
2026-08-11 12:18:07,WebAttack
2026-08-11 12:18:07,BENIGN
2026-08-11 12:18:07,BENIGN
2026-08-11 12:18:07,DDoS
2026-08-11 12:18:07,WebAttack
2026-08-11 12:18:07,BENIGN
2026-08-11 12:18:07,BENIGN
2026-08-11 12:18:07,DoS
2026-08-11 12:18:07,Botnet
2026-08-11 12:18:07,DDoS
2026-08-11 12:18:07,PortScan
2026-08-11 12:18:07,BENIGN
2026-08-11 12:18:07,DDoS
2026-08-11 12:18:07,DDoS
2026-08-11 12:18:07,BENIGN
2026-08-11 12:18:07,DoS
2026-08-11 12:18:07,BruteForce
2026-08-11 12:18:07,PortScan
2026-08-11 12:18:07,BruteForce
2026-08-11 12:18:07,PortScan
2026-08-11 12:18:07,BruteForce
2026-08-11 12:18:07,BENIGN
2026-08-11 12:18:07,BENIGN
2026-08-11 12:18:07,BENIGN
2026-08-11 12:18:07,DDoS
2026-08-11 12:18:07,BENIGN
2026-08-11 12:18:07,PortScan
2026-08-11 12:18:07,BruteForce
2026-08-11 12:18:07,DoS
2026-08-11 12:18:07,BENIGN
2026-08-11 12:18:07,DDoS
2026-08-11 12:18:07,BENIGN
2026-08-11 12:18:07,BENIGN
2026-08-11 12:18:07,DDoS
2026-08-11 12:18:07,DDoS
2026-08-11 12:18:07,BENIGN
2026-08-11 12:18:07,DoS
2026-08-11 12:18:07,BruteForce
2026-08-11 12:18:07,DDoS
2026-08-11 12:18:07,BENIGN
2026-08-11 12:18:07,BENIGN
2026-08-11 12:18:07,BENIGN
2026-08-11 12:18:07,PortScan
2026-08-11 12:18:07,WebAttack
2026-08-11 12:18:07,Botnet
2026-08-11 12:18:07,Infiltration
2026-08-11 12:18:07,BENIGN
2026-08-11 12:18:07,WebAttack
2026-08-11 12:18:07,BENIGN
2026-08-11 12:18:07,BENIGN
2026-08-11 12:18:07,DoS
2026-08-11 12:18:07,BruteForce
2026-08-11 12:18:07,BENIGN
2026-08-11 12:18:07,BENIGN
2026-08-11 12:18:07,WebAttack
2026-08-11 12:18:07,DoS
2026-08-11 12:18:07,BENIGN
2026-08-11 12:18:07,BENIGN
2026-08-11 12:18:07,DDoS
2026-08-11 12:18:07,BENIGN
2026-08-11 12:18:07,BENIGN
2026-08-11 12:18:07,DoS
2026-08-11 12:18:07,DoS
2026-08-11 12:18:07,DDoS
2026-08-11 12:18:07,DoS
2026-08-11 12:18:07,BENIGN
2026-08-11 12:18:07,BENIGN
2026-08-11 12:18:07,DDoS
2026-08-11 12:18:07,DoS
2026-08-11 12:18:07,PortScan
2026-08-11 12:18:07,BENIGN
2026-08-11 12:18:07,WebAttack
2026-08-11 12:18:07,DoS
2026-08-11 12:18:07,BENIGN
2026-08-11 12:18:07,DDoS
2026-08-11 12:18:07,BENIGN
2026-08-11 12:18:07,BENIGN
2026-08-11 12:18:07,Infiltration
2026-08-11 12:18:07,BENIGN
2026-08-11 12:18:07,BENIGN
2026-08-11 12:18:07,DDoS
2026-08-11 12:18:07,DoS
2026-08-11 12:18:07,DoS
2026-08-11 12:18:07,BENIGN
2026-08-11 12:18:07,BENIGN
2026-08-11 12:18:07,PortScan
2026-08-11 12:18:07,DoS
2026-08-11 12:18:07,Botnet
2026-08-11 12:18:07,BENIGN
2026-08-11 12:18:07,PortScan
2026-08-11 12:18:07,BENIGN
2026-08-11 12:18:07,BruteForce
2026-08-11 12:18:07,DoS
2026-08-11 12:18:07,BENIGN
2026-08-11 12:18:07,DoS
2026-08-11 12:18:07,BENIGN
2026-08-11 12:18:07,DDoS
2026-08-11 12:18:07,BENIGN
2026-08-11 12:18:07,DoS
2026-08-11 12:18:07,PortScan
2026-08-11 12:18:07,PortScan
2026-08-11 12:18:07,PortScan
2026-08-11 12:18:07,BENIGN
2026-08-11 12:18:07,Botnet
2026-08-11 12:18:07,BENIGN
2026-08-11 12:18:07,BENIGN
2026-08-11 12:18:07,DDoS
2026-08-11 12:18:07,BruteForce
2026-08-11 12:18:07,Botnet
2026-08-11 12:18:07,PortScan
2026-08-11 12:18:07,PortScan
2026-08-11 12:18:07,Botnet
2026-08-11 12:18:07,BENIGN
2026-08-11 12:18:07,BENIGN
2026-08-11 12:18:07,BENIGN
2026-08-11 12:18:07,PortScan
2026-08-11 12:18:07,DoS
2026-08-11 12:18:07,BENIGN
2026-08-11 12:18:07,BENIGN
2026-08-11 12:18:07,PortScan
2026-08-11 12:18:07,DoS
2026-08-11 12:18:07,PortScan
2026-08-11 12:18:07,PortScan
2026-08-11 12:18:07,BENIGN
2026-08-11 12:18:07,BENIGN
2026-08-11 12:18:07,DDoS
2026-08-11 12:18:07,BENIGN
2026-08-11 12:18:07,WebAttack
2026-08-11 12:18:07,BENIGN
2026-08-11 12:18:07,BENIGN
2026-08-11 12:18:07,Botnet
2026-08-11 12:18:07,BENIGN
2026-08-11 12:18:07,BENIGN
2026-08-11 12:18:07,Infiltration
2026-08-11 12:18:07,WebAttack
2026-08-11 12:18:07,DDoS
2026-08-11 12:18:07,BENIGN
2026-08-11 12:18:07,DoS
2026-08-11 12:18:07,WebAttack
2026-08-11 12:18:07,BENIGN
2026-08-11 12:18:07,BENIGN
2026-08-11 12:18:07,DoS
2026-08-11 12:18:07,DoS
2026-08-11 12:18:07,DoS
2026-08-11 12:18:07,BruteForce
2026-08-11 12:18:07,BruteForce
2026-08-11 12:18:07,DDoS
2026-08-11 12:18:07,Botnet
2026-08-11 12:18:07,BENIGN
2026-08-11 12:18:07,DDoS
2026-08-11 12:18:07,WebAttack
2026-08-11 12:18:07,BENIGN
2026-08-11 12:18:07,PortScan
2026-08-11 12:18:07,BENIGN
2026-08-11 12:18:07,DDoS
2026-08-11 12:18:07,BENIGN
2026-08-11 12:18:07,BruteForce
2026-08-11 12:18:07,PortScan
2026-08-11 12:18:07,BruteForce
2026-08-11 12:19:16,BruteForce
2026-08-11 12:19:16,BENIGN
2026-08-11 12:19:16,BENIGN
2026-08-11 12:19:16,BENIGN
2026-08-11 12:19:16,DDoS
2026-08-11 12:19:16,DDoS
2026-08-11 12:19:16,BENIGN
2026-08-11 12:19:16,BENIGN
2026-08-11 12:19:16,BENIGN
2026-08-11 12:19:16,BENIGN
2026-08-11 12:19:16,BENIGN
2026-08-11 12:19:16,BENIGN
2026-08-11 12:19:16,BENIGN
2026-08-11 12:19:16,BENIGN
2026-08-11 12:19:16,BENIGN
2026-08-11 12:19:16,BENIGN
2026-08-11 12:19:16,BENIGN
2026-08-11 12:19:16,DoS
2026-08-11 12:19:16,BENIGN
2026-08-11 12:19:16,BENIGN
2026-08-11 12:19:16,DDoS
2026-08-11 12:19:16,BENIGN
2026-08-11 12:19:16,DoS
2026-08-11 12:19:16,BruteForce
2026-08-11 12:19:16,BENIGN
2026-08-11 12:19:16,BENIGN
2026-08-11 12:19:16,BENIGN
2026-08-11 12:19:16,BENIGN
2026-08-11 12:19:16,DDoS
2026-08-11 12:19:16,DoS
2026-08-11 12:19:16,BENIGN
2026-08-11 12:19:16,BENIGN
2026-08-11 12:19:16,BENIGN
2026-08-11 12:19:16,BENIGN
2026-08-11 12:19:16,DoS
2026-08-11 12:19:16,BruteForce
2026-08-11 12:19:16,DoS
2026-08-11 12:19:16,DoS
2026-08-11 12:19:16,Infiltration
2026-08-11 12:19:16,BENIGN
2026-08-11 12:19:16,BENIGN
2026-08-11 12:19:16,BENIGN
2026-08-11 12:19:16,BENIGN
2026-08-11 12:19:16,BENIGN
2026-08-11 12:19:16,DDoS
2026-08-11 12:19:16,BENIGN
2026-08-11 12:19:16,BENIGN
2026-08-11 12:19:16,BENIGN
2026-08-11 12:19:16,DoS
2026-08-11 12:19:16,BENIGN
2026-08-11 12:19:16,DDoS
2026-08-11 12:19:16,BENIGN
2026-08-11 12:19:16,BENIGN
2026-08-11 12:19:16,DDoS
2026-08-11 12:19:16,DDoS
2026-08-11 12:19:16,BENIGN
2026-08-11 12:19:16,DoS
2026-08-11 12:19:16,BruteForce
2026-08-11 12:19:16,BENIGN
2026-08-11 12:19:16,BruteForce
2026-08-11 12:19:16,BENIGN
2026-08-11 12:19:16,BruteForce
2026-08-11 12:19:16,BENIGN
2026-08-11 12:19:16,BENIGN
2026-08-11 12:19:16,BENIGN
2026-08-11 12:19:16,DDoS
2026-08-11 12:19:16,BENIGN
2026-08-11 12:19:16,BENIGN
2026-08-11 12:19:16,BruteForce
2026-08-11 12:19:16,DoS
2026-08-11 12:19:16,BENIGN
2026-08-11 12:19:16,DDoS
2026-08-11 12:19:16,BENIGN
2026-08-11 12:19:16,BENIGN
2026-08-11 12:19:16,DDoS
2026-08-11 12:19:16,DDoS
2026-08-11 12:19:16,BENIGN
2026-08-11 12:19:16,DoS
2026-08-11 12:19:16,BruteForce
2026-08-11 12:19:16,DDoS
2026-08-11 12:19:16,BENIGN
2026-08-11 12:19:16,BENIGN
2026-08-11 12:19:16,BENIGN
2026-08-11 12:19:16,BENIGN
2026-08-11 12:19:16,BENIGN
2026-08-11 12:19:16,Botnet
2026-08-11 12:19:16,Infiltration
2026-08-11 12:19:16,BENIGN
2026-08-11 12:19:16,BENIGN
2026-08-11 12:19:16,BENIGN
2026-08-11 12:19:16,BENIGN
2026-08-11 12:19:16,DoS
2026-08-11 12:19:16,BruteForce
2026-08-11 12:19:16,BENIGN
2026-08-11 12:19:16,BENIGN
2026-08-11 12:19:16,BENIGN
2026-08-11 12:19:16,BENIGN
2026-08-11 12:19:16,BENIGN
2026-08-11 12:19:16,BENIGN
2026-08-11 12:19:16,DDoS
2026-08-11 12:19:16,BENIGN
2026-08-11 12:19:16,BENIGN
2026-08-11 12:19:16,DoS
2026-08-11 12:19:16,DoS
2026-08-11 12:19:16,DDoS
2026-08-11 12:19:16,DoS
2026-08-11 12:19:16,BENIGN
2026-08-11 12:19:16,BENIGN
2026-08-11 12:19:16,DDoS
2026-08-11 12:19:16,DoS
2026-08-11 12:19:16,BENIGN
2026-08-11 12:19:16,BENIGN
2026-08-11 12:19:16,BENIGN
2026-08-11 12:19:16,DoS
2026-08-11 12:19:16,BENIGN
2026-08-11 12:19:16,DDoS
2026-08-11 12:19:16,BENIGN
2026-08-11 12:19:16,BENIGN
2026-08-11 12:19:16,Infiltration
2026-08-11 12:19:16,BENIGN
2026-08-11 12:19:16,BENIGN
2026-08-11 12:19:16,DDoS
2026-08-11 12:19:16,DoS
2026-08-11 12:19:16,DoS
2026-08-11 12:19:16,BENIGN
2026-08-11 12:19:16,BENIGN
2026-08-11 12:19:16,BENIGN
2026-08-11 12:19:16,DoS
2026-08-11 12:19:16,BENIGN
2026-08-11 12:19:16,BENIGN
2026-08-11 12:19:16,BENIGN
2026-08-11 12:19:16,BENIGN
2026-08-11 12:19:16,BruteForce
2026-08-11 12:19:16,DoS
2026-08-11 12:19:16,BENIGN
2026-08-11 12:19:16,DoS
2026-08-11 12:19:16,BENIGN
2026-08-11 12:19:16,DDoS
2026-08-11 12:19:16,BENIGN
2026-08-11 12:19:16,DoS
2026-08-11 12:19:16,BENIGN
2026-08-11 12:19:16,BENIGN
2026-08-11 12:19:16,BENIGN
2026-08-11 12:19:16,BENIGN
2026-08-11 12:19:16,BENIGN
2026-08-11 12:19:16,BENIGN
2026-08-11 12:19:16,BENIGN
2026-08-11 12:19:16,DDoS
2026-08-11 12:19:16,BruteForce
2026-08-11 12:19:16,BENIGN
2026-08-11 12:19:16,BENIGN
2026-08-11 12:19:16,BENIGN
2026-08-11 12:19:16,BENIGN
2026-08-11 12:19:16,BENIGN
2026-08-11 12:19:16,BENIGN
2026-08-11 12:19:16,BENIGN
2026-08-11 12:19:16,BENIGN
2026-08-11 12:19:16,DoS
2026-08-11 12:19:16,BENIGN
2026-08-11 12:19:16,BENIGN
2026-08-11 12:19:16,BENIGN
2026-08-11 12:19:16,DoS
2026-08-11 12:19:16,BENIGN
2026-08-11 12:19:16,BENIGN
2026-08-11 12:19:16,BENIGN
2026-08-11 12:19:16,BENIGN
2026-08-11 12:19:16,DDoS
2026-08-11 12:19:16,BENIGN
2026-08-11 12:19:16,BENIGN
2026-08-11 12:19:16,BENIGN
2026-08-11 12:19:16,BENIGN
2026-08-11 12:19:16,Botnet
2026-08-11 12:19:16,BENIGN
2026-08-11 12:19:16,BENIGN
2026-08-11 12:19:16,Infiltration
2026-08-11 12:19:16,BENIGN
2026-08-11 12:19:16,DDoS
2026-08-11 12:19:16,BENIGN
2026-08-11 12:19:16,DoS
2026-08-11 12:19:16,BENIGN
2026-08-11 12:19:16,BENIGN
2026-08-11 12:19:16,BENIGN
2026-08-11 12:19:16,DoS
2026-08-11 12:19:16,DoS
2026-08-11 12:19:16,BENIGN
2026-08-11 12:19:16,BruteForce
2026-08-11 12:19:16,BruteForce
2026-08-11 12:19:16,DDoS
2026-08-11 12:19:16,BENIGN
2026-08-11 12:19:16,BENIGN
2026-08-11 12:19:16,DDoS
2026-08-11 12:19:16,BENIGN
2026-08-11 12:19:16,BENIGN
2026-08-11 12:19:16,BENIGN
2026-08-11 12:19:16,BENIGN
2026-08-11 12:19:16,DDoS
2026-08-11 12:19:16,BENIGN
2026-08-11 12:19:16,BruteForce
2026-08-11 12:19:16,BENIGN
2026-08-11 12:19:16,BruteForce
2026-08-27 16:29:13,BruteForce
2026-08-27 16:29:13,BENIGN
2026-08-27 16:29:13,BENIGN
2026-08-27 16:29:13,DoS
2026-08-27 16:29:13,DDoS
2026-08-27 16:29:13,DDoS
2026-08-27 16:29:13,BENIGN
2026-08-27 16:29:13,PortScan
2026-08-27 16:29:13,PortScan
2026-08-27 16:29:13,BENIGN
2026-08-27 16:29:13,BENIGN
2026-08-27 16:29:13,PortScan
2026-08-27 16:29:13,PortScan
2026-08-27 16:29:13,BENIGN
2026-08-27 16:29:13,PortScan
2026-08-27 16:29:13,PortScan
2026-08-27 16:29:13,BENIGN
2026-08-27 16:29:13,DoS
2026-08-27 16:29:13,Botnet
2026-08-27 16:29:13,BENIGN
2026-08-27 16:29:13,DDoS
2026-08-27 16:29:13,BENIGN
2026-08-27 16:29:13,DoS
2026-08-27 16:29:13,BruteForce
2026-08-27 16:29:13,BENIGN
2026-08-27 16:29:13,BENIGN
2026-08-27 16:29:13,Botnet
2026-08-27 16:29:13,BENIGN
2026-08-27 16:29:13,DDoS
2026-08-27 16:29:13,DoS
2026-08-27 16:29:13,BENIGN
2026-08-27 16:29:13,BENIGN
2026-08-27 16:29:13,BENIGN
2026-08-27 16:29:13,BENIGN
2026-08-27 16:29:13,DoS
2026-08-27 16:29:13,BruteForce
2026-08-27 16:29:13,DoS
2026-08-27 16:29:13,DoS
2026-08-27 16:29:13,Infiltration
2026-08-27 16:29:13,BENIGN
2026-08-27 16:29:13,BENIGN
2026-08-27 16:29:13,WebAttack
2026-08-27 16:29:13,BENIGN
2026-08-27 16:29:13,BENIGN
2026-08-27 16:29:13,DDoS
2026-08-27 16:29:13,WebAttack
2026-08-27 16:29:13,BENIGN
2026-08-27 16:29:13,BENIGN
2026-08-27 16:29:13,DoS
2026-08-27 16:29:13,Botnet
2026-08-27 16:29:13,DDoS
2026-08-27 16:29:13,PortScan
2026-08-27 16:29:13,BENIGN
2026-08-27 16:29:13,DDoS
2026-08-27 16:29:13,DDoS
2026-08-27 16:29:13,BENIGN
2026-08-27 16:29:13,DoS
2026-08-27 16:29:13,BruteForce
2026-08-27 16:29:13,PortScan
2026-08-27 16:29:13,BruteForce
2026-08-27 16:29:13,PortScan
2026-08-27 16:29:13,BruteForce
2026-08-27 16:29:13,BENIGN
2026-08-27 16:29:13,BENIGN
2026-08-27 16:29:13,BENIGN
2026-08-27 16:29:13,DDoS
2026-08-27 16:29:13,BENIGN
2026-08-27 16:29:13,PortScan
2026-08-27 16:29:13,BruteForce
2026-08-27 16:29:13,DoS
2026-08-27 16:29:13,BENIGN
2026-08-27 16:29:13,DDoS
2026-08-27 16:29:13,BENIGN
2026-08-27 16:29:13,BENIGN
2026-08-27 16:29:13,DDoS
2026-08-27 16:29:13,DDoS
2026-08-27 16:29:13,BENIGN
2026-08-27 16:29:13,DoS
2026-08-27 16:29:13,BruteForce
2026-08-27 16:29:13,DDoS
2026-08-27 16:29:13,BENIGN
2026-08-27 16:29:13,BENIGN
2026-08-27 16:29:13,BENIGN
2026-08-27 16:29:13,PortScan
2026-08-27 16:29:13,WebAttack
2026-08-27 16:29:13,Botnet
2026-08-27 16:29:13,Infiltration
2026-08-27 16:29:13,BENIGN
2026-08-27 16:29:13,WebAttack
2026-08-27 16:29:13,BENIGN
2026-08-27 16:29:13,BENIGN
2026-08-27 16:29:13,DoS
2026-08-27 16:29:13,BruteForce
2026-08-27 16:29:13,BENIGN
2026-08-27 16:29:13,BENIGN
2026-08-27 16:29:13,WebAttack
2026-08-27 16:29:13,DoS
2026-08-27 16:29:13,BENIGN
2026-08-27 16:29:13,BENIGN
2026-08-27 16:29:13,DDoS
2026-08-27 16:29:13,BENIGN
2026-08-27 16:29:13,BENIGN
2026-08-27 16:29:13,DoS
2026-08-27 16:29:13,DoS
2026-08-27 16:29:13,DDoS
2026-08-27 16:29:13,DoS
2026-08-27 16:29:13,BENIGN
2026-08-27 16:29:13,BENIGN
2026-08-27 16:29:13,DDoS
2026-08-27 16:29:13,DoS
2026-08-27 16:29:13,PortScan
2026-08-27 16:29:13,BENIGN
2026-08-27 16:29:13,WebAttack
2026-08-27 16:29:13,DoS
2026-08-27 16:29:13,BENIGN
2026-08-27 16:29:13,DDoS
2026-08-27 16:29:13,BENIGN
2026-08-27 16:29:13,BENIGN
2026-08-27 16:29:13,Infiltration
2026-08-27 16:29:13,BENIGN
2026-08-27 16:29:13,BENIGN
2026-08-27 16:29:13,DDoS
2026-08-27 16:29:13,DoS
2026-08-27 16:29:13,DoS
2026-08-27 16:29:13,BENIGN
2026-08-27 16:29:13,BENIGN
2026-08-27 16:29:13,PortScan
2026-08-27 16:29:13,DoS
2026-08-27 16:29:13,Botnet
2026-08-27 16:29:13,BENIGN
2026-08-27 16:29:13,PortScan
2026-08-27 16:29:13,BENIGN
2026-08-27 16:29:13,BruteForce
2026-08-27 16:29:13,DoS
2026-08-27 16:29:13,BENIGN
2026-08-27 16:29:13,DoS
2026-08-27 16:29:13,BENIGN
2026-08-27 16:29:13,DDoS
2026-08-27 16:29:13,BENIGN
2026-08-27 16:29:13,DoS
2026-08-27 16:29:13,PortScan
2026-08-27 16:29:13,PortScan
2026-08-27 16:29:13,PortScan
2026-08-27 16:29:13,BENIGN
2026-08-27 16:29:13,Botnet
2026-08-27 16:29:13,BENIGN
2026-08-27 16:29:13,BENIGN
2026-08-27 16:29:13,DDoS
2026-08-27 16:29:13,BruteForce
2026-08-27 16:29:13,Botnet
2026-08-27 16:29:13,PortScan
2026-08-27 16:29:13,PortScan
2026-08-27 16:29:13,Botnet
2026-08-27 16:29:13,BENIGN
2026-08-27 16:29:13,BENIGN
2026-08-27 16:29:13,BENIGN
2026-08-27 16:29:13,PortScan
2026-08-27 16:29:13,DoS
2026-08-27 16:29:13,BENIGN
2026-08-27 16:29:13,BENIGN
2026-08-27 16:29:13,PortScan
2026-08-27 16:29:13,DoS
2026-08-27 16:29:13,PortScan
2026-08-27 16:29:13,PortScan
2026-08-27 16:29:13,BENIGN
2026-08-27 16:29:13,BENIGN
2026-08-27 16:29:13,DDoS
2026-08-27 16:29:13,BENIGN
2026-08-27 16:29:13,WebAttack
2026-08-27 16:29:13,BENIGN
2026-08-27 16:29:13,BENIGN
2026-08-27 16:29:13,Botnet
2026-08-27 16:29:13,BENIGN
2026-08-27 16:29:13,BENIGN
2026-08-27 16:29:13,Infiltration
2026-08-27 16:29:13,WebAttack
2026-08-27 16:29:13,DDoS
2026-08-27 16:29:13,BENIGN
2026-08-27 16:29:13,DoS
2026-08-27 16:29:13,WebAttack
2026-08-27 16:29:13,BENIGN
2026-08-27 16:29:13,BENIGN
2026-08-27 16:29:13,DoS
2026-08-27 16:29:13,DoS
2026-08-27 16:29:13,DoS
2026-08-27 16:29:13,BruteForce
2026-08-27 16:29:13,BruteForce
2026-08-27 16:29:13,DDoS
2026-08-27 16:29:13,Botnet
2026-08-27 16:29:13,BENIGN
2026-08-27 16:29:13,DDoS
2026-08-27 16:29:13,WebAttack
2026-08-27 16:29:13,BENIGN
2026-08-27 16:29:13,PortScan
2026-08-27 16:29:13,BENIGN
2026-08-27 16:29:13,DDoS
2026-08-27 16:29:13,BENIGN
2026-08-27 16:29:13,BruteForce
2026-08-27 16:29:13,PortScan
2026-08-27 16:29:13,BruteForce
